id,category,description,carbohydrate,kilocalories,protein,fat,carb_percentage,protein_percentage,fat_percentage,original_category,generic_category,nutritional_score
1001,BUTTER,"BUTTER,WITH SALT",0.1,717,0.8,81.1,0.05453306066803,0.43626448534424,99.50920245398773,BUTTER,dairy,
1136,EGG,"EGG,WHITE,DRIED,PDR,GLUCOSE RED",4.5,376,82.4,0.0,5.178365937859608,94.8216340621404,0.0,EGG,eggs,
1173,EGG,"EGG,WHITE,DRIED",7.8,382,81.1,0.0,8.773903262092238,91.22609673790777,0.0,EGG,eggs,
2010,CINNAMON,"CINNAMON,GROUND",80.6,247,4.0,1.2,92.32531500572738,4.581901489117985,3.092783505154639,CINNAMON,herbsSpices,
4001,FAT,"FAT,BEEF TALLOW",0.0,902,0.0,100.0,0.0,0.0,100.0,FAT,oilsFats,
4031,SHORTENING,"SHORTENING,HOUSEHOLD,SOYBN (HYDR) -COTTONSEED (HYDR)",0.0,884,0.0,100.0,0.0,0.0,100.0,SHORTENING,oilsFats,
4542,FAT,"FAT,CHICKEN",0.0,900,0.0,99.8,0.0,0.0,100.0,FAT,oilsFats,
4546,SHORTENING BREAD,"SHORTENING BREAD,SOYBN (HYDR)&CTTNSD",0.0,884,0.0,100.0,0.0,0.0,100.0,SHORTENING BREAD,oilsFats,
4547,SHORTENING FRYING (REG),"SHORTENING FRYING (REG),SOYBN (HYDR)&CTTNSD (HYDR)",0.0,884,0.0,100.0,0.0,0.0,100.0,SHORTENING FRYING (REG),oilsFats,
4548,SHORTENING CAKE MIX,"SHORTENING CAKE MIX,SOYBN (HYDR)&CTTNSD (HYDR)",0.0,884,0.0,100.0,0.0,0.0,100.0,SHORTENING CAKE MIX,oilsFats,
4550,SHORTENING FRYING (HVY DUTY),"SHORTENING FRYING (HVY DUTY),BF TALLOW&CTTNSD",0.0,900,0.0,100.0,0.0,0.0,100.0,SHORTENING FRYING (HVY DUTY),oilsFats,
4551,SHORTENING CONFECTIONERY,"SHORTENING CONFECTIONERY,COCNT (HYDR)&OR PALM KERNEL (HYDR)",0.0,884,0.0,100.0,0.0,0.0,100.0,SHORTENING CONFECTIONERY,oilsFats,
4552,SHORTENING FRYING HVY DUTY,"SHORTENING FRYING HVY DUTY,SOYBN HYDR,LINOLEIC 30% W/SILICON",0.0,884,0.0,100.0,0.0,0.0,100.0,SHORTENING FRYING HVY DUTY,oilsFats,
4554,SHORTENING INDUSTRIAL,"SHORTENING INDUSTRIAL,SOYBN (HYDR)&CTTNSD",0.0,884,0.0,100.0,0.0,0.0,100.0,SHORTENING INDUSTRIAL,oilsFats,
4606,MEAT DRIPPINGS (LARD,"MEAT DRIPPINGS (LARD,BF TALLOW,MUTTON TALLOW)",0.0,889,0.0,98.6,0.0,0.0,100.0,MEAT DRIPPINGS (LARD,oilsFats,
4609,ANIMAL FAT,"ANIMAL FAT,BACON GREASE",0.0,896,0.0,99.5,0.0,0.0,100.0,ANIMAL FAT,oilsFats,
4671,USDA CMDTY FD,"USDA CMDTY FD,SHORTENING,SOYBN & SOYBN (PARTIALLY HYDROG)",0.0,884,0.0,100.0,0.0,0.0,100.0,USDA CMDTY FD,other,
8002,CEREALS RTE,"CEREALS RTE,OATS,CORN PUFFED MIXTURE,PRESWEETENED",83.5,405,8.5,4.1,82.48950358113115,8.397135095085206,9.11336132378365,CEREALS RTE,cereals,
8003,CEREALS RTE,"CEREALS RTE,KELLOGG,KELLOGG'S APPL JACKS",90.0,390,4.2,1.4,92.44992295839752,4.314329738058551,3.235747303543913,CEREALS RTE,cereals,
8005,CEREALS RTE,"CEREALS RTE,KELLOGG,KELLOGG'S ALL-BRAN BRAN BUDS",80.0,250,7.0,2.1,87.21722540201691,7.631507222676478,5.151267375306624,CEREALS RTE,cereals,
8010,CEREALS RTE,"CEREALS RTE,QUAKER,CAP'N CRUNCH",84.8,402,4.4,5.9,82.75189070505,4.2937301780922175,12.954379116857767,CEREALS RTE,cereals,
8011,CEREALS RTE,"CEREALS RTE,QUAKER,CAP'N CRUNCH W/ CRUNCHBERRIES",85.2,402,4.4,5.6,83.36594911937377,4.305283757338552,12.32876712328767,CEREALS RTE,cereals,
8014,CEREALS RTE,"CEREALS RTE,KELLOGG,KELLOGG'S COCOA KRISPIES",86.0,381,5.2,2.9,88.00204655922231,5.3210539779994885,6.676899462778203,CEREALS RTE,cereals,
8015,CEREALS RTE,"CEREALS RTE,RICE,PUFFED,PRESWEETENED,W/ COCOA,SINGLE BRAND",87.9,398,3.5,4.2,87.15914724838869,3.4705007436787305,9.370352007932574,CEREALS RTE,cereals,
8017,CEREALS RTE,"CEREALS RTE,GENERAL MILLS,COOKIE CRISP",86.7,400,3.3,5.0,85.62962962962963,3.259259259259259,11.11111111111111,CEREALS RTE,cereals,
8018,CEREALS RTE,"CEREALS RTE,QUAKER,QUAKER CRUNCHY BRAN",84.1,333,6.4,4.1,84.33191276009025,6.417648533467036,9.250438706442718,CEREALS RTE,cereals,
8019,CEREALS RTE,"CEREALS RTE,GENERAL MILLS,CORN CHEX",85.1,367,6.7,1.7,88.99346405228758,7.006535947712418,4.0,CEREALS RTE,cereals,
8020,CEREALS RTE,"CEREALS RTE,KELLOGG,KELLOGG'S CORN FLAKES",87.1,361,6.6,0.6,91.63598106259865,6.943713834823778,1.4203051025775908,CEREALS RTE,cereals,
8022,CEREALS RTE,"CEREALS RTE,CORN FLAKES,LO NA",88.8,399,7.7,0.3,91.38152817082585,7.923848726524311,0.6946231026498584,CEREALS RTE,cereals,
8025,CEREALS RTE,"CEREALS RTE,RALSTON CRISPY RICE",86.2,364,6.7,1.3,89.95564831724498,6.991912340203496,3.0524393425515264,CEREALS RTE,cereals,
8026,CEREALS RTE,"CEREALS RTE,GENERAL MILLS,WHEATIES RAISIN BRAN",81.0,333,7.0,1.7,88.21127144023959,7.623196297304656,4.165532262455758,CEREALS RTE,cereals,
8029,CEREALS RTE,"CEREALS RTE,BRAN FLAKES,SINGLE BRAND",80.4,320,9.4,2.2,84.85488126649075,9.92084432717678,5.224274406332453,CEREALS RTE,cereals,
8030,CEREALS RTE,"CEREALS RTE,KELLOGG,KELLOGG'S FROOT LOOPS",87.5,393,3.4,4.1,87.39076154806492,3.3957553058676657,9.213483146067416,CEREALS RTE,cereals,
8031,CEREALS RTE,"CEREALS RTE,KELLOGG'S FRSTD MINI-WHEATS,ORIGINAL",82.0,343,9.0,1.6,86.68076109936575,9.513742071881609,3.8054968287526414,CEREALS RTE,cereals,
8032,CEREALS RTE,"CEREALS RTE,KELLOGG,KELLOGG'S FRSTD RICE KRISPIES",89.0,384,5.0,0.9,92.68419682374382,5.206977349648529,2.1088258266076543,CEREALS RTE,cereals,
8034,CEREALS RTE,"CEREALS RTE,RICE,PUFFED,PRESWEETENED,FRUIT FLAV,SINGLE BRAND",87.9,401,3.6,3.9,87.65893792071803,3.590127150336574,8.7509349289454,CEREALS RTE,cereals,
8035,CEREALS RTE,"CEREALS RTE,GENERAL MILLS,GOLDEN GRAHAMS",86.5,400,3.3,3.3,88.96888660323992,3.394188737464644,7.636924659295449,CEREALS RTE,cereals,
8038,CEREALS RTE,"CEREALS RTE,KRAFT,POST GRAPE-NUTS CRL",80.1,359,12.5,1.9,82.68387096774194,12.903225806451612,4.412903225806451,CEREALS RTE,cereals,
8039,CEREALS RTE,"CEREALS RTE,WHEAT&MALT BARLEY FLAKES",81.5,365,10.0,2.9,83.14205559806172,10.2014792144861,6.656465187452179,CEREALS RTE,cereals,
8046,CEREALS RTE,"CEREALS RTE,CORN&OAT FLOURS,PUFFED PRESWEETENED,SINGLE BRAND",88.9,395,5.2,2.1,89.95699468757905,5.261826460915761,4.781178851505186,CEREALS RTE,cereals,
8047,CEREALS RTE,"CEREALS RTE,QUAKER,KING VITAMAN",85.0,386,6.5,3.5,85.53459119496856,6.540880503144654,7.924528301886792,CEREALS RTE,cereals,
8048,CEREALS RTE,"CEREALS RTE,GENERAL MILLS,KIX",82.8,367,7.7,3.5,84.1677255400254,7.827191867852605,8.005082592121983,CEREALS RTE,cereals,
8050,CEREALS RTE,"CEREALS RTE,GENERAL MILLS,LUCKY CHARMS",82.9,407,7.0,3.6,84.59183673469389,7.142857142857142,8.26530612244898,CEREALS RTE,cereals,
8057,CEREALS RTE,"CEREALS RTE,GENERAL MILLS,HONEY NUT CHEX",86.0,400,6.7,1.7,89.09608909608909,6.941206941206941,3.962703962703962,CEREALS RTE,cereals,
8058,CEREALS RTE,"CEREALS RTE,KELLOGG,KELLOGG'S PRODUCT 19",83.0,333,7.7,1.4,88.43899840170484,8.20458177943527,3.356419818859882,CEREALS RTE,cereals,
8059,CEREALS RTE,"CEREALS RTE,QUAKER,SWT CRUNCH/QUISP",85.0,405,4.5,6.1,82.34439331557279,4.359409057883265,13.296197626543956,CEREALS RTE,cereals,
8064,CEREALS RTE,"CEREALS RTE,GENERAL MILLS,RICE CHEX",85.4,382,6.5,1.6,89.42408376963351,6.806282722513089,3.769633507853403,CEREALS RTE,cereals,
8065,CEREALS RTE,"CEREALS RTE,KELLOGG,KELLOGG'S RICE KRISPIES",85.2,387,6.8,1.0,90.39787798408489,7.2148541114058355,2.3872679045092835,CEREALS RTE,cereals,
8066,CEREALS RTE,"CEREALS RTE,QUAKER,QUAKER PUFFED RICE",87.8,383,7.0,0.9,90.6790601600826,7.229537825974697,2.09140201394268,CEREALS RTE,cereals,
8068,CEREALS RTE,"CEREALS RTE,KELLOGG,KELLOGG'S CORN POPS",90.0,378,3.7,0.8,94.24083769633508,3.87434554973822,1.8848167539267016,CEREALS RTE,cereals,
8069,CEREALS RTE,"CEREALS RTE,KELLOGG,KELLOGG'S FRSTD FLAKES",90.9,367,4.3,0.3,94.81095176010432,4.485006518904823,0.7040417209908735,CEREALS RTE,cereals,
8071,CEREALS RTE,"CEREALS RTE,KELLOGG,KELLOGG'S HONEY SMACKS",89.0,387,6.4,1.9,89.29019312766489,6.420867820416352,4.288939051918734,CEREALS RTE,cereals,
8073,CEREALS RTE,"CEREALS RTE,WHEAT,PUFFED,PRESWEETENED,SINGLE BRAND",90.9,398,5.5,1.4,91.31089904570568,5.524861878453038,3.164239075841285,CEREALS RTE,cereals,
8076,CEREALS RTE,"CEREALS RTE,CORN FLAKES,PLN,SINGLE BRAND",86.7,360,6.7,0.1,92.60347129506007,7.1562082777036045,0.2403204272363151,CEREALS RTE,cereals,
8079,CEREALS RTE,"CEREALS RTE,WAFFELOS",86.3,405,5.6,4.2,85.15046867291564,5.52540700542674,9.324124321657624,CEREALS RTE,cereals,
8081,CEREALS RTE,"CEREALS RTE,WHL WHEAT,SHREDDED,PRESWEETENED,SINGLE BRAND",81.2,385,9.8,3.8,81.5670517327976,9.844299347061778,8.588648920140631,CEREALS RTE,cereals,
8082,CEREALS RTE,"CEREALS RTE,GENERAL MILLS,WHEAT CHEX",81.1,360,10.0,2.0,84.8326359832636,10.460251046025103,4.7071129707112975,CEREALS RTE,cereals,
8083,CEREALS RTE,"CEREALS RTE,MALT-O-MEAL,CORN BURSTS",93.7,394,4.0,0.3,95.24777636594663,4.066073697585769,0.6861499364675984,CEREALS RTE,cereals,
8087,CEREALS RTE,"CEREALS RTE,GENERAL MILLS,MULTI-GRAIN CHEERIOS",83.3,379,6.9,3.5,84.9349987254652,7.035432067295437,8.029569207239359,CEREALS RTE,cereals,
8088,CEREALS RTE,"CEREALS RTE,GENERAL MILLS,TEAM CHEERIOS",82.9,370,7.4,3.7,84.05576679340938,7.50316856780735,8.44106463878327,CEREALS RTE,cereals,
8089,CEREALS RTE,"CEREALS RTE,GENERAL MILLS,WHEATIES",80.8,367,10.0,3.3,82.26011707813693,10.180707559175364,7.559175362687707,CEREALS RTE,cereals,
8100,CEREALS,"CEREALS,CRM OF RICE,DRY",82.4,370,6.3,0.5,91.7339270804342,7.013637628722516,1.2524352908433063,CEREALS,cereals,
8110,CEREALS,"CEREALS,CRM OF WHEAT,MIX'N EAT,APPL,BANANA&MAPLE FLAV,DRY",81.6,373,6.9,1.1,89.69497114591921,7.584501236603463,2.7205276174773294,CEREALS,cereals,
8138,CEREALS RTE,"CEREALS RTE,MALT-O-MEAL,MARSHMLLW MATEYS",83.3,394,7.2,3.6,84.48275862068965,7.302231237322516,8.21501014198783,CEREALS RTE,cereals,
8139,CEREALS RTE,"CEREALS RTE,GENERAL MILLS,CINN GRAHAMS",86.0,378,5.0,2.8,88.38643371017471,5.138746145940391,6.474820143884892,CEREALS RTE,cereals,
8140,CEREALS RTE,"CEREALS RTE,CHOC FLAV RINGS,PRESWEETENED,SINGLE BRAND",81.9,415,4.8,8.8,76.90140845070424,4.507042253521126,18.591549295774648,CEREALS RTE,cereals,
8148,CEREALS RTE,"CEREALS RTE,WHEAT,SHREDDED,PLN,SUGAR&SALT FREE,SPOON SIZE",83.0,340,10.3,1.1,86.66144609762465,10.754372226572698,2.584181675802663,CEREALS RTE,cereals,
8156,CEREALS RTE,"CEREALS RTE,RICE,PUFFED,FORT",89.8,402,6.3,0.5,92.36307534070455,6.479814862432503,1.157109796862947,CEREALS RTE,cereals,
8189,CEREALS RTE,"CEREALS RTE,KELLOGG,KELLOGG'S LOFAT GRANOLA WO/ RAISINS",81.5,387,8.0,5.2,80.53359683794467,7.905138339920949,11.561264822134389,CEREALS RTE,cereals,
8190,CEREALS RTE,"CEREALS RTE,GENERAL MILLS,OATMEAL CRISP,APPL CINN",84.0,382,7.3,3.6,84.50704225352113,7.344064386317909,8.148893360160967,CEREALS RTE,cereals,
8191,CEREALS RTE,"CEREALS RTE,WHEAT,SHREDDED,PRESWEETENED,SINGLE BRAND",83.8,352,7.8,1.9,87.40547588005215,8.135593220338983,4.458930899608865,CEREALS RTE,cereals,
8204,CEREALS RTE,"CEREALS RTE,CHOCOLATE-FLAVORED FRSTD PUFFED CORN",87.2,405,3.3,3.5,88.64040660736975,3.354510800508259,8.005082592121983,CEREALS RTE,cereals,
8206,CEREALS RTE,"CEREALS RTE,MALT-O-MEAL,COCO-ROOS",89.5,396,3.7,2.6,90.35840484603736,3.735487127713277,5.9061080262493695,CEREALS RTE,cereals,
8211,CEREALS RTE,"CEREALS RTE,QUAKER,HONEY GRAHAM OH!S",83.6,411,4.1,7.5,79.94262491035143,3.920631125986134,16.136743963662443,CEREALS RTE,cereals,
8217,CEREALS READY TO EAT,"CEREALS READY TO EAT,CHARACTER CEREALS (MOVIES,TV),BRAND A",85.9,389,6.1,2.3,88.3972215075894,6.27733470542835,5.325443786982249,CEREALS READY TO EAT,cereals,
8219,CEREALS RTE,"CEREALS RTE,QUAKER,QUAKER TSTD OATMEAL CRL,HONEY NUT",81.2,384,9.0,4.1,81.66960020115665,9.052049283379432,9.278350515463918,CEREALS RTE,cereals,
8220,CEREALS RTE,"CEREALS RTE,QUAKER,LOFAT 100% NAT GRANOLA W/ RAISINS",81.1,390,7.9,5.5,80.0,7.79284833538841,12.20715166461159,CEREALS RTE,cereals,
8222,CEREALS READY TO EAT,"CEREALS READY TO EAT,CHARACTER CEREALS (MOVIES,TV),BRAND B",90.0,388,3.3,1.7,92.66409266409266,3.397683397683397,3.938223938223938,CEREALS READY TO EAT,cereals,
8239,CEREALS RTE,"CEREALS RTE,GEN MILLS,BERRY BURST CHEERIOS,ALL FLAVORS",80.0,367,10.0,4.0,80.8080808080808,10.1010101010101,9.090909090909092,CEREALS RTE,cereals,
8242,CEREALS RTE,"CEREALS RTE,JUST RIGHT W/ CRUNCHY NUGGETS",83.7,371,7.7,2.7,85.86817132598101,7.899461400359066,6.2323672736599125,CEREALS RTE,cereals,
8243,CEREALS RTE,"CEREALS RTE,GENERAL MILLS,HONEY NUT CLUSTERS",83.6,382,7.3,4.5,82.75179411036872,7.225934174709231,10.02227171492205,CEREALS RTE,cereals,
8244,CEREALS RTE,"CEREALS RTE,GENERAL MILLS,FIBER ONE",83.3,200,6.7,3.3,85.5016679497049,6.877084937131127,7.621247113163972,CEREALS RTE,cereals,
8245,CEREALS RTE,"CEREALS RTE,GENERAL MILLS,OATMEAL CRISP,RAISIN",80.0,382,9.1,3.6,82.30452674897121,9.362139917695474,8.333333333333334,CEREALS RTE,cereals,
8246,CEREALS RTE,"CEREALS RTE,GENERAL MILLS,TOTAL CORN FLAKES",85.5,373,6.0,1.6,89.90536277602524,6.309148264984228,3.785488958990536,CEREALS RTE,cereals,
8254,CEREALS RTE,"CEREALS RTE,APPL CINN SQUARES MINI-WHEATS",80.1,331,7.2,1.8,87.68472906403942,7.881773399014778,4.433497536945813,CEREALS RTE,cereals,
8259,CEREALS RTE,"CEREALS RTE,KELLOGG,KELLOGG'S CRISPIX",87.0,377,6.2,1.3,90.50715214564369,6.449934980494149,3.042912873862159,CEREALS RTE,cereals,
8262,CEREALS RTE,"CEREALS RTE,GENERAL MILLS,BASIC 4",80.0,382,7.3,5.5,80.26084775520441,7.323802357662402,12.415349887133182,CEREALS RTE,cereals,
8263,CEREALS RTE,"CEREALS RTE,GENERAL MILLS,APPL CINN CHEERIOS",83.3,400,6.7,5.0,82.27160493827161,6.617283950617284,11.11111111111111,CEREALS RTE,cereals,
8267,CEREALS RTE,"CEREALS RTE,GENERAL MILLS,FRSTD CHEERIOS",83.2,393,7.1,3.6,84.5528455284553,7.215447154471545,8.231707317073171,CEREALS RTE,cereals,
8268,CEREALS RTE,"CEREALS RTE,GENERAL MILLS,FRANKENBERRY",88.9,400,3.3,3.3,89.23462986198244,3.312421580928482,7.452948557089084,CEREALS RTE,cereals,
8269,CEREALS RTE,"CEREALS RTE,GENERAL MILLS,COUNTRY CORN FLAKES",84.1,367,6.7,1.7,88.87714663143989,7.080581241743726,4.04227212681638,CEREALS RTE,cereals,
8270,CEREALS RTE,"CEREALS RTE,GENERAL MILLS,COUNT CHOCULA",88.4,400,3.3,3.3,89.18032786885246,3.3291298865069354,7.490542244640605,CEREALS RTE,cereals,
8273,CEREALS RTE,"CEREALS RTE,GENERAL MILLS,BOO BERRY",88.8,400,3.3,3.3,89.22381311228335,3.3157498116051247,7.46043707611153,CEREALS RTE,cereals,
8277,CEREALS RTE,"CEREALS RTE,GENERAL MILLS,NATURE VALLEY LOFAT FRUIT GRANOLA",80.0,386,8.0,4.6,81.34214539908491,8.134214539908491,10.523640061006608,CEREALS RTE,cereals,
8278,CEREALS RTE,"CEREALS RTE,GENERAL MILLS,KABOOM",87.3,400,3.3,3.3,89.05891354246366,3.366488140780413,7.57459831675593,CEREALS RTE,cereals,
8283,CEREALS RTE,"CEREALS RTE,KELLOGG,KELLOGG'S JUST RIGHT FRUIT & NUT",81.7,366,7.0,3.3,84.99349804941482,7.282184655396619,7.724317295188557,CEREALS RTE,cereals,
8284,CEREALS RTE,"CEREALS RTE,KELLOGG,KELLOGG'S LOFAT GRANOLA W/ RAISINS",81.7,384,7.8,5.0,81.09181141439207,7.741935483870968,11.166253101736972,CEREALS RTE,cereals,
8288,CEREALS RTE,"CEREALS RTE,KELLOGG,KELLOGG'S RICE KRISPIES TREATS CRL",84.7,399,4.8,4.6,84.82724086129194,4.8072108162243365,10.365548322483724,CEREALS RTE,cereals,
8289,CEREALS RTE,"CEREALS RTE,KELLOGG,KELLOGG'S STRAWBERRY MINI-WHEATS",80.0,335,9.1,2.0,85.47008547008548,9.722222222222223,4.807692307692308,CEREALS RTE,cereals,
8293,CEREALS RTE,"CEREALS RTE,QUAKER,QUAKER APPL ZAPS",88.7,393,3.7,3.5,88.45674395412615,3.6898529045125903,7.853403141361256,CEREALS RTE,cereals,
8297,CEREALS RTE,"CEREALS RTE,QUAKER,QUAKER FRUITANGY OH!S",87.2,392,4.9,3.5,87.22180545136283,4.901225306326581,7.876969242310578,CEREALS RTE,cereals,
8298,CEREALS RTE,"CEREALS RTE,QUAKER,QUAKER MARSHMLLW SAFARI",84.3,396,5.8,5.0,83.17710902812038,5.722742969906266,11.10014800197336,CEREALS RTE,cereals,
8299,CEREALS RTE,"CEREALS RTE,QUAKER,QUAKER SWT PUFFS",88.0,391,6.8,1.9,88.82159979813272,6.863487257128438,4.3149129447388335,CEREALS RTE,cereals,
8309,CEREALS RTE,"CEREALS RTE,KELLOGG,KELLOGG'S HONEY CRUNCH CORN FLAKES",87.0,385,6.8,1.9,88.7076217180729,6.933469283711445,4.358908998215651,CEREALS RTE,cereals,
8318,CEREALS RTE,"CEREALS RTE,KELLOGG,KELLOGG'S SMART START ANTIOXIDANT CRL",86.0,365,7.0,1.4,89.44357774310971,7.280291211648465,3.276131045241809,CEREALS RTE,cereals,
8319,CEREALS RTE,"CEREALS RTE,KELLOGG,KELLOGG'S FRSTD MINI-WHEATS,BITE SIZE",81.0,344,10.1,1.6,85.53326293558608,10.665258711721226,3.8014783526927145,CEREALS RTE,cereals,
8326,CEREALS RTE,"CEREALS RTE,KRAFT,POST MARSHMLLW ALPHA-BITS CRL",86.7,398,5.9,3.3,86.67833041739564,5.898525368657836,7.423144213946513,CEREALS RTE,cereals,
8345,CEREALS RTE,"CEREALS RTE,GENERAL MILLS,MULTI-BRAN CHEX",84.1,328,6.9,2.6,86.83531233866805,7.124419204956118,6.04026845637584,CEREALS RTE,cereals,
8346,CEREALS RTE,"CEREALS RTE,MALT-O-MEAL,COLOSSAL CRUNCH",86.6,415,4.2,5.5,83.93506178822389,4.070753574024716,11.994184637751394,CEREALS RTE,cereals,
8347,CEREALS RTE,"CEREALS RTE,MALT-O-MEAL,BERRY COLOSSAL CRUNCH",85.9,412,4.9,5.4,83.43856240893636,4.759592034968431,11.80184555609519,CEREALS RTE,cereals,
8348,CEREALS RTE,"CEREALS RTE,MALT-O-MEAL,CRISPY RICE",86.4,381,6.3,1.1,90.78014184397163,6.619385342789598,2.600472813238771,CEREALS RTE,cereals,
8349,CEREALS RTE,"CEREALS RTE,MALT-O-MEAL,TOOTIE FRUITIES",87.9,401,5.0,3.3,87.61525043608273,4.9838026414154,7.400946922501868,CEREALS RTE,cereals,
8354,CEREALS RTE,"CEREALS RTE,QUAKER,MOTHER'S GROOVY GRAHAMS",86.4,372,5.4,1.6,90.56603773584906,5.660377358490567,3.7735849056603774,CEREALS RTE,cereals,
8355,CEREALS RTE,"CEREALS RTE,QUAKER,MOTHER'S COCOA BUMPERS",87.6,376,5.1,1.7,90.75369075369076,5.283605283605284,3.962703962703962,CEREALS RTE,cereals,
8357,CEREALS RTE,"CEREALS RTE,QUAKER,FRUITY BRONTOSAURUS BLASTS,BAGGED CRL",89.3,376,3.8,2.5,90.45327931121804,3.84907571537098,5.69764497341099,CEREALS RTE,cereals,
8358,CEREALS RTE,"CEREALS RTE,QUAKER,CRISPY CORN PUFFS CRL",83.5,376,7.2,2.9,85.88326047827204,7.405502699922859,6.71123682180509,CEREALS RTE,cereals,
8359,CEREALS RTE,"CEREALS RTE,QUAKER,FRSTD OATS",82.0,396,6.1,6.0,80.70866141732283,6.003937007874016,13.287401574803152,CEREALS RTE,cereals,
8361,CEREALS RTE,"CEREALS RTE,QUAKER,HONEY GRAHAM BAGGED CRL",83.6,395,5.6,5.2,82.85431119920715,5.550049554013875,11.59563924677899,CEREALS RTE,cereals,
8364,CEREALS RTE,"CEREALS RTE,QUAKER,CINN CRUNCH BAGGED CRL",83.7,397,5.1,6.0,81.81818181818183,4.98533724340176,13.19648093841642,CEREALS RTE,cereals,
8374,CEREALS RTE,"CEREALS RTE,KELLOGG,KELLOGG'S,CRISPIX CINN CRUNCH",87.0,399,4.8,3.7,86.89138576779027,4.794007490636703,8.314606741573034,CEREALS RTE,cereals,
8376,CEREALS RTE,"CEREALS RTE,KELLOGG,KELLOGG'S MARSHMLLW FROOT LOOPS",90.0,394,4.0,2.4,90.54325955734406,4.024144869215292,5.432595573440643,CEREALS RTE,cereals,
8380,CEREALS RTE,"CEREALS RTE,KELLOGG,KELLOGG'S,RAISIN BRAN CRUNCH",84.9,354,6.1,1.9,89.11046969299396,6.402519023878246,4.487011283127787,CEREALS RTE,cereals,
8383,CEREALS RTE,"CEREALS RTE,KELLOGG,KELLOGG'S SPL K RED BERRIES",80.6,369,12.4,1.0,84.61942257217846,13.018372703412073,2.3622047244094486,CEREALS RTE,cereals,
8384,CEREALS RTE,"CEREALS RTE,KELLOGG,KELLOGG'S SHREDDED WHEAT MINIATURES",80.0,339,11.0,2.1,83.5727343954035,11.49125097936798,4.93601462522852,CEREALS RTE,cereals,
8388,CEREALS RTE,"CEREALS RTE,PUFFED KASHI BY KELLOGG",80.0,394,12.0,2.9,81.19766556711494,12.179649835067242,6.622684597817812,CEREALS RTE,cereals,
8389,CEREALS RTE,"CEREALS RTE,KASHI 7 WHL GRAIN HONEY PUFFS",82.5,381,10.0,3.3,82.56192144108081,10.007505629221916,7.430572929697273,CEREALS RTE,cereals,
8390,CEREALS RTE,"CEREALS RTE,KASHI GOOD FRIENDS BY KELLOGG",81.8,316,9.4,3.6,82.3766364551863,9.4662638469285,8.157099697885197,CEREALS RTE,cereals,
8394,CEREALS RTE,"CEREALS RTE,QUAKER,MOTHER'S HONEY ROUNDUP",87.8,382,5.4,2.0,89.86693961105424,5.527123848515865,4.605936540429887,CEREALS RTE,cereals,
8395,CEREALS RTE,"CEREALS RTE,QUAKER,HONEY NUT OATS",84.5,385,6.0,3.6,85.6997971602434,6.085192697768763,8.21501014198783,CEREALS RTE,cereals,
8396,CEREALS RTE,"CEREALS RTE,QUAKER,HONEY CRISP CORN FLAKES",88.8,374,5.7,0.8,92.21183800623052,5.919003115264799,1.869158878504673,CEREALS RTE,cereals,
8401,CEREALS RTE,"CEREALS RTE,QUAKER,FRUITY OCEAN ADVENTURE BAGGED CRL",87.2,394,4.9,3.8,86.63686040735222,4.868355688027819,8.494783904619968,CEREALS RTE,cereals,
8408,CEREALS RTE,"CEREALS RTE,MALT-O-MEAL,APPL CINN TOASTY O'S",82.5,410,7.1,5.7,80.54674151818404,6.931901391261899,12.521357090554067,CEREALS RTE,cereals,
8409,CEREALS RTE,"CEREALS RTE,MALT-O-MEAL,FRSTD FLAKES",90.9,387,5.0,0.4,93.90495867768594,5.165289256198347,0.9297520661157024,CEREALS RTE,cereals,
8456,CEREALS RTE,"CEREALS RTE,KELLOGG'S,FRUIT HARVEST APPL CINN",83.0,397,7.0,5.0,81.9753086419753,6.91358024691358,11.11111111111111,CEREALS RTE,cereals,
8457,CEREALS RTE,"CEREALS RTE,KELLOGG'S,FRUIT HARVEST PEACH/STRAWBERRY",87.0,368,7.0,1.2,89.96897621509824,7.238883143743537,2.792140641158221,CEREALS RTE,cereals,
8458,CEREALS RTE,"CEREALS RTE,KELLOGG'S,FRUIT HARVEST STRAWBERRY/BLUEBERRY",87.0,368,6.0,1.2,90.9090909090909,6.269592476489027,2.8213166144200623,CEREALS RTE,cereals,
8459,CEREALS RTE,"CEREALS RTE,KELLG'S,FRSTD MINI-WHTS,MPLE & BRWN SGR,BTE SZE",82.0,356,8.0,1.5,87.81793842034806,8.56760374832664,3.614457831325301,CEREALS RTE,cereals,
8461,CEREALS RTE,"CEREALS RTE,KASHI,CINNA-RAISIN CRUNCH BY KELLOGG",82.0,330,7.9,2.8,85.23908523908523,8.212058212058212,6.548856548856548,CEREALS RTE,cereals,
8462,CEREALS RTE,"CEREALS RTE,KASHI,ORGANIC PROMISE AUTUMN WHEAT",83.0,353,9.7,2.1,85.19373877341545,9.95637670002566,4.849884526558893,CEREALS RTE,cereals,
8463,CEREALS RTE,"CEREALS RTE,KASHI ORGANIC PROMISE STRAWBERRY FIELDS",87.1,369,7.8,0.4,90.91858037578288,8.1419624217119,0.9394572025052194,CEREALS RTE,cereals,
8464,CEREALS RTE,"CEREALS RTE,KASHI,SEVEN IN THE MORNING BY KELLOGG",81.0,356,12.0,2.8,81.57099697885197,12.084592145015106,6.3444108761329305,CEREALS RTE,cereals,
8466,CEREALS RTE,"CEREALS RTE,KELLOGG,SCOOBY-DOO! BERRY BONES",86.0,386,5.8,2.8,87.66564729867483,5.9123343527013255,6.422018348623854,CEREALS RTE,cereals,
8467,CEREALS RTE,"CEREALS RTE,KASHI ORGANIC PROMISE CRANBERRY SUNSHINE",88.0,401,5.5,3.0,87.78054862842892,5.486284289276807,6.733167082294264,CEREALS RTE,cereals,
8468,CEREALS RTE,"CEREALS RTE,KELLOGG'S,RED SUGAR FROOT LOOPS",86.0,394,6.2,3.4,86.12919379068602,6.209313970956434,7.661492238357535,CEREALS RTE,cereals,
8469,CEREALS RTE,"CEREALS RTE,KELLOGG'S,RED SUGAR FRSTD FLAKES CRL",90.2,377,5.3,0.2,94.00729546638874,5.523710265763418,0.4689942678478374,CEREALS RTE,cereals,
8470,CEREALS RTE,"CEREALS RTE,KELLOGG'S,FRUIT HARVEST BANANA BERRY",85.0,396,5.4,5.9,81.98697853870267,5.208584518929346,12.804436942367976,CEREALS RTE,cereals,
8472,CEREALS RTE,"CEREALS RTE,KELLOGG'S,CORN FLAKES W/ REAL BANANAS",84.0,417,3.0,8.6,78.98448519040903,2.8208744710860367,18.194640338504936,CEREALS RTE,cereals,
8476,CEREALS RTE,"CEREALS RTE,MALT-O-MEAL,HONEY BUZZERS",87.6,395,6.3,2.1,88.82129277566541,6.387832699619772,4.79087452471483,CEREALS RTE,cereals,
8478,CEREALS RTE,"CEREALS RTE,MALT-O-MEAL,GOLDEN PUFFS",89.7,397,5.8,0.9,91.97641630351193,5.947193027428864,2.0763906690592155,CEREALS RTE,cereals,
8481,CEREALS RTE,"CEREALS RTE,MALT-O-MEAL HONEY GRAHAM CRL",82.8,379,5.0,3.0,87.57271285034373,5.288207297726071,7.139079851930196,CEREALS RTE,cereals,
8487,CEREALS RTE,"CEREALS RTE,MALT-O-MEAL,BLUEBERRY MUFFIN TOPS CRL",80.0,443,4.9,11.5,72.21846084405325,4.423380726698262,23.35815842924848,CEREALS RTE,cereals,
8489,CEREALS RTE,"CEREALS RTE,MALT-O-MEAL,MAPLE & BRWN SGR HOT WHT CRL,DRY",84.5,377,8.0,0.8,89.60763520678685,8.48356309650053,1.90880169671262,CEREALS RTE,cereals,
8490,CEREALS RTE,"CEREALS RTE,MALT-O-MEAL,HI FIBER BRAN FLAKES",80.8,388,10.6,2.5,83.27750579747489,10.925019324916258,5.797474877608864,CEREALS RTE,cereals,
8491,CEREALS RTE,"CEREALS RTE,MALT-O-MEAL,HONEY NUT TOASTY O'S CRL",81.5,390,9.6,2.2,84.85163977095263,9.994794377928162,5.153565851119209,CEREALS RTE,cereals,
8492,CEREALS RTE,"CEREALS RTE,MALT-O-MEAL,PUFFED RICE CRL",90.2,401,7.8,1.0,89.97506234413966,7.780548628428928,2.244389027431421,CEREALS RTE,cereals,
8493,CEREALS RTE,"CEREALS RTE,MALT-O-MEAL,APPL ZINGS",87.3,395,5.4,2.7,88.38268792710706,5.466970387243736,6.150341685649203,CEREALS RTE,cereals,
8495,CEREALS RTE,"CEREALS RTE,MALT-O-MEAL,COCOA DYNO-BITES",89.4,402,4.1,3.1,88.97735755162977,4.080617068922617,6.9420253794476245,CEREALS RTE,cereals,
8497,CEREALS RTE,"CEREALS RTE,MALT-O-MEAL,CORN FLAKES",87.7,380,6.5,0.3,92.43741765480895,6.851119894598155,0.7114624505928854,CEREALS RTE,cereals,
8500,CEREALS RTE,"CEREALS RTE,MALT-O-MEAL,FRSTD WHL WHEAT CRL",82.9,388,9.4,2.1,85.44189641844886,9.6882246843597,4.8698788971914455,CEREALS RTE,cereals,
8501,CEREALS RTE,"CEREALS RTE,MALT-O-MEAL,FRUITY DYNO-BITES",90.1,404,3.9,3.1,89.23000742758109,3.862342163901956,6.90765040851696,CEREALS RTE,cereals,
8505,CEREALS RTE,"CEREALS RTE,RALSTON CORN BISCUITS",85.8,367,5.8,1.1,91.20382673398883,6.165293648684561,2.6308796173266016,CEREALS RTE,cereals,
8506,CEREALS RTE,"CEREALS RTE,RALSTON CORN FLAKES",88.0,357,5.9,0.9,91.73833724263748,6.15063851967683,2.111024237685692,CEREALS RTE,cereals,
8507,CEREALS RTE,"CEREALS RTE,RALSTON CRISPY HEXAGONS",86.8,379,5.9,0.9,91.63367643177618,6.228556347321193,2.137767220902613,CEREALS RTE,cereals,
8508,CEREALS RTE,"CEREALS RTE,USDA CMDTY CORN & RICE (INCLUDES ALL  BRANDS)",86.8,378,6.1,1.1,91.0091743119266,6.395806028833552,2.595019659239843,CEREALS RTE,cereals,
8509,CEREALS RTE,"CEREALS RTE,USDA CMDTY RICE CRISPS (INCLUDES ALL  BRANDS)",86.0,381,6.5,1.3,90.12313335079904,6.811632171862719,3.0652344773382243,CEREALS RTE,cereals,
8513,CEREALS RTE,"CEREALS RTE,GENERAL MILLS,CHOC LUCKY CHARMS",88.0,400,3.3,3.3,89.13649025069638,3.3426183844011144,7.520891364902507,CEREALS RTE,cereals,
8514,CEREALS RTE,"CEREALS RTE,GENERAL MILLS,FRSTD CHEX",89.3,367,3.6,1.7,92.32359782889635,3.7218919617472217,3.9545102093564233,CEREALS RTE,cereals,
8515,CEREALS RTE,"CEREALS RTE,GENERAL MILLS,OATMEAL CRISP,TRIPLE BERRY",81.2,382,9.1,4.5,80.85636046801096,9.061488673139158,10.082150858849888,CEREALS RTE,cereals,
8519,CEREALS RTE,"CEREALS RTE,KELLOGG,BERRY RICE KRISPIES",88.0,382,5.5,1.0,91.90600522193212,5.7441253263707575,2.349869451697128,CEREALS RTE,cereals,
8520,CEREALS RTE,"CEREALS RTE,KELLOGG,KELLOGG'S CINN MINI SWIRLZ",83.0,406,5.7,6.9,79.63540417366274,5.468937395058767,14.895658431278482,CEREALS RTE,cereals,
8521,CEREALS RTE,"CEREALS RTE,KELLOGG,CRAN-VANILLA CRUNCH",86.0,373,6.0,2.2,88.7055183084064,6.188757091284167,5.105724600309438,CEREALS RTE,cereals,
8524,CEREALS RTE,"CEREALS RTE,KELLOGG,EGGO CRUNCH CRL,MAPLE FLAV",83.0,376,6.6,4.4,83.41708542713567,6.633165829145728,9.949748743718594,CEREALS RTE,cereals,
8525,CEREALS RTE,"CEREALS RTE,KELLOGG,FRSTD MINI-WHEATS BITE SIZE VANILLA",83.0,346,8.0,1.7,87.52965989981544,8.436593725283418,4.033746374901134,CEREALS RTE,cereals,
8526,CEREALS RTE,"CEREALS RTE,KELLOGG,MARSHMLLW FROOT LOOPS,RAINBOW BREEZE",89.0,390,4.0,2.4,90.4471544715447,4.065040650406504,5.48780487804878,CEREALS RTE,cereals,
8527,CEREALS RTE,"CEREALS RTE,KELLOGG,ROBOTS",86.0,388,6.0,3.0,87.0886075949367,6.075949367088607,6.835443037974684,CEREALS RTE,cereals,
8530,CEREALS RTE,"CEREALS RTE,KELLOGG,SMORZ",83.0,406,4.9,6.9,80.25138989605993,4.737732656514383,15.010877447425669,CEREALS RTE,cereals,
8531,CEREALS RTE,"CEREALS RTE,KELLOGG,SPL K,FRUIT & YOGURT",86.0,381,7.0,2.9,86.41044963576991,7.033408691283596,6.556141672946494,CEREALS RTE,cereals,
8532,CEREALS RTE,"CEREALS RTE,KELLOGG,SPONGEBOB SQUAREPANTS",87.0,395,5.0,3.6,86.91308691308693,4.995004995004996,8.091908091908092,CEREALS RTE,cereals,
8533,CEREALS RTE,"CEREALS RTE,KELLOGG,STAR WARS",84.0,375,6.0,3.3,86.22016936104696,6.158583525789068,7.621247113163972,CEREALS RTE,cereals,
8536,CEREALS RTE,"CEREALS RTE,KELLOGG,MINI SWIRLZ FUDGE RIPPLE",84.0,391,6.0,4.6,83.70702541106128,5.979073243647235,10.31390134529148,CEREALS RTE,cereals,
8537,CEREALS RTE,"CEREALS RTE,KASHI 7 WHL GRAIN FLAKES BY KELLOGG",81.8,350,11.0,1.9,84.26474375482873,11.3314447592068,4.403811485964459,CEREALS RTE,cereals,
8539,CEREALS RTE,"CEREALS RTE,KASHI ORGANIC PROMISE CINN HARVEST",81.0,340,8.3,2.0,86.35394456289978,8.848614072494671,4.797441364605544,CEREALS RTE,cereals,
8542,CEREALS RTE,"CEREALS RTE,KELLOGG,FRSTD MINI-WHEATS BITE SIZE STRAWBERRY",83.0,347,8.3,1.7,87.25361366622865,8.725361366622865,4.021024967148488,CEREALS RTE,cereals,
8543,CEREALS RTE,"CEREALS RTE,KELLOGG'S,SPL K VANILLA ALMOND",83.0,384,7.0,4.9,82.1578817124474,6.928977975748577,10.913140311804009,CEREALS RTE,cereals,
8545,CEREALS RTE,"CEREALS RTE,QUAKER,TSTD OATMEAL SUPREME CRL,STRAWBERRY MANGO",80.7,383,9.1,4.3,81.12591103292284,9.148027142498115,9.72606182457904,CEREALS RTE,cereals,
8548,CEREALS RTE,"CEREALS RTE,QUAKER,QUAKER TSTD OATMEAL CRL",80.4,383,9.4,4.2,81.00755667506296,9.471032745591938,9.521410579345089,CEREALS RTE,cereals,
8550,CEREALS RTE,"CEREALS RTE,QUAKER,CHRISTMAS CRUNCH",85.3,401,4.4,5.5,83.56600538819495,4.310555963752143,12.123438648052902,CEREALS RTE,cereals,
8553,CEREALS RTE,"CEREALS RTE,GENERAL MILLS,CHEERIOS,YOGURT BURST",81.8,400,6.7,5.2,81.63672654690617,6.686626746506986,11.676646706586826,CEREALS RTE,cereals,
8567,CEREALS RTE,"CEREALS RTE,KASHI 7 WHL GRAIN NUGGETS",81.0,356,11.8,2.8,81.73562058526741,11.907164480322908,6.357214934409687,CEREALS RTE,cereals,
9009,APPLES,"APPLES,DEHYD (LO MOIST),SULFURED,UNCKD",93.5,346,1.3,0.6,97.24388975559025,1.3520540821632867,1.40405616224649,APPLES,fruits,
9030,APRICOTS,"APRICOTS,DEHYD (LOW-MOISTURE),SULFURED,UNCKD",82.9,320,4.9,0.6,92.98934380257992,5.496354458777342,1.5143017386427366,APRICOTS,fruits,
9041,BANANAS,"BANANAS,DEHYD,OR BANANA PDR",88.3,346,3.9,1.8,91.74025974025972,4.051948051948052,4.207792207792208,BANANAS,fruits,
9079,CRANBERRIES,"CRANBERRIES,DRIED,SWTND",82.4,308,0.1,1.4,96.20548744892002,0.1167542323409223,3.6777583187390537,CRANBERRIES,fruits,
9244,PEACHES,"PEACHES,DEHYD (LOW-MOISTURE),SULFURED,UNCKD",83.2,325,4.9,1.0,92.0863309352518,5.423353624792473,2.490315439955728,PEACHES,fruits,
9289,PRUNES,"PRUNES,DEHYD (LOW-MOISTURE),UNCKD",89.1,339,3.7,0.7,94.41059602649004,3.920529801324504,1.6688741721854303,PRUNES,fruits,
10004,PORK,"PORK,FRESH,BACKFAT,RAW",0.0,812,2.9,88.7,0.0,1.43227558957896,98.56772441042104,PORK,meats,
10109,PORK,"PORK,FRSH,VAR MEATS&BY-PRODUCTS,LEAF FAT,RAW",0.0,857,1.8,94.2,0.0,0.8421052631578947,99.1578947368421,PORK,meats,
10165,PORK,"PORK,CURED,SALT PORK,RAW",0.0,748,5.0,80.5,0.0,2.6863666890530555,97.31363331094694,PORK,meats,
10864,PORK,"PORK,BACON,RENDERED FAT,CKD",0.0,898,0.1,99.5,0.0,0.0446478401607322,99.95535215983928,PORK,meats,
11230,PEPEAO,"PEPEAO,DRIED",81.0,298,4.8,0.4,93.42560553633218,5.536332179930795,1.038062283737024,PEPEAO,other,
11284,ONIONS,"ONIONS,DEHYDRATED FLAKES",83.3,349,8.9,0.5,89.25796946155906,9.536565764800429,1.2054647736405035,ONIONS,vegetables,
11378,POTATOES,"POTATOES,MSHD,DEHYD,FLAKES WO/MILK,DRY FORM",81.2,354,8.3,0.4,89.82300884955751,9.18141592920354,0.995575221238938,POTATOES,vegetables,
11380,POTATOES,"POTATOES,MSHD,DEHYD,GRANULES WO/MILK,DRY FORM",85.5,372,8.2,0.5,90.16609543896652,8.647508568415502,1.1863959926179806,POTATOES,vegetables,
11640,SHALLOTS,"SHALLOTS,FREEZE-DRIED",80.7,348,12.3,0.5,85.7370517928287,13.06772908366534,1.195219123505976,SHALLOTS,vegetables,
11663,SEAWEED,"SEAWEED,AGAR,DRIED",80.9,306,6.2,0.3,92.16747365422955,7.063514668185703,0.7690116775847335,SEAWEED,other,
12175,CHESTNUTS,"CHESTNUTS,JAPANESE,DRIED",81.4,360,5.2,1.2,91.15341545352744,5.823068309070548,3.0235162374020152,CHESTNUTS,other,
13335,BEEF,"BEEF,VAR MEATS & BY-PRODUCTS,SUET,RAW",0.0,854,1.5,94.0,0.0,0.7042253521126761,99.29577464788731,BEEF,meats,
14024,WHISKEY SOUR MIX,"WHISKEY SOUR MIX,PDR",97.3,383,0.6,0.1,99.15923566878982,0.6114649681528663,0.2292993630573248,WHISKEY SOUR MIX,other,
14131,DRINK MIX,"DRINK MIX,QUAKER OATS,GATORADE,LEMON-LIME FLAVOR,PDR",95.3,364,0.0,0.0,100.0,0.0,0.0,DRINK MIX,other,
14168,CAROB-FLAVOR BEV MIX,"CAROB-FLAVOR BEV MIX,PDR",93.3,372,1.8,0.2,97.6452119309262,1.8838304552590268,0.4709576138147567,CAROB-FLAVOR BEV MIX,other,
14175,CHOCOLATE-FLAVOR BEV MIX FOR MILK,"CHOCOLATE-FLAVOR BEV MIX FOR MILK,PDR,WO/ ADDED NUTR",90.9,405,3.3,3.1,89.84432913269089,3.261675315048184,6.893995552260934,CHOCOLATE-FLAVOR BEV MIX FOR MILK,other,
14192,COCOA MIX,"COCOA MIX,PDR",83.7,398,6.7,4.0,84.20523138832998,6.740442655935613,9.054325955734406,COCOA MIX,other,
14228,COFFEE,"COFFEE,INST,W/SUGAR,CAPPUCCINO-FLAVOR PDR",85.9,406,3.1,5.6,84.54724409448819,3.0511811023622046,12.401574803149607,COFFEE,drinks,
14287,LEMONADE,"LEMONADE,POWDER",94.4,389,0.0,0.0,100.0,0.0,0.0,LEMONADE,other,
14289,LEMONADE,"LEMONADE,LO CAL,W/ASPRT,PDR",83.7,332,3.6,0.3,95.14066496163684,4.092071611253197,0.7672634271099743,LEMONADE,other,
14296,LEMONADE-FLAVOR DRK,"LEMONADE-FLAVOR DRK,PDR",94.4,389,0.1,0.0,99.8941798941799,0.1058201058201058,0.0,LEMONADE-FLAVOR DRK,other,
14309,MALTED DRK MIX,"MALTED DRK MIX,NAT,W/ ADDED NUTR,PDR",83.6,372,9.4,1.3,87.1514203805056,9.79932238728173,3.0492572322126663,MALTED DRK MIX,other,
14315,MALTED DRK MIX,"MALTED DRK MIX,CHOC,W/ ADDED NUTR,PDR",84.6,389,4.9,3.4,87.08183221821923,5.043746783324756,7.874420998455994,MALTED DRK MIX,other,
14317,MALTED DRK MIX,"MALTED DRK MIX,CHOC,PDR",86.9,411,5.1,4.8,84.5330739299611,4.961089494163424,10.505836575875485,MALTED DRK MIX,other,
14350,STRAWBERRY-FLAVOR BEV MIX,"STRAWBERRY-FLAVOR BEV MIX,PDR",99.1,389,0.1,0.2,99.44806823883592,0.1003512293025589,0.4515805318615153,STRAWBERRY-FLAVOR BEV MIX,other,
14356,TEA,"TEA,INST,SWTND W/NA SACCHARIN,LEMON-FLAV,PDR,DECAFFEINATED",85.4,338,3.3,0.6,94.83620210993892,3.664630760688506,1.4991671293725706,TEA,drinks,
14357,TEA,"TEA,INST,SWTND W/SUGAR,LEMN-FLAV,WO/ VIT C,PDR,DECAFFEINATED",98.5,385,0.1,0.7,98.32792612927376,0.0998253057149987,1.57224856501123,TEA,drinks,
14407,ORANGE-FLAVOR DRK,"ORANGE-FLAVOR DRK,BRKFST TYPE,PDR",98.9,386,0.0,0.0,100.0,0.0,0.0,ORANGE-FLAVOR DRK,other,
14409,ORANGE-FLAVOR DRK,"ORANGE-FLAVOR DRK,BRKFST TYPE,LO CAL,PDR",85.9,217,3.6,0.0,95.97765363128492,4.022346368715084,0.0,ORANGE-FLAVOR DRK,other,
14450,DRINK MIX,"DRINK MIX,QUAKER OATS,GATORADE,ORANGE FLAVOR,PDR",94.1,388,0.0,1.2,97.21074380165288,0.0,2.789256198347107,DRINK MIX,other,
14540,FRUIT PUNCH-FLAVOR DRK,"FRUIT PUNCH-FLAVOR DRK,PDR,WO/ NA",97.7,382,0.0,0.1,99.77023232065356,0.0,0.2297676793464386,FRUIT PUNCH-FLAVOR DRK,other,
14548,TEA,"TEA,INST,SWTND W/SUGAR,LEMON-FLAVORED,W/ VIT C,PDR",97.6,385,0.6,0.3,98.71049304677624,0.6068268015170671,0.6826801517067004,TEA,drinks,
14557,CHOCOLATE-FLAVOR BEV MIX FOR MILK,"CHOCOLATE-FLAVOR BEV MIX FOR MILK,PDR,W/ ADDED NUTR",90.3,400,4.5,2.3,90.32258064516128,4.501125281320331,5.176294073518379,CHOCOLATE-FLAVOR BEV MIX FOR MILK,other,
14624,COFFEE SUB,"COFFEE SUB,RSTD GRAIN BEV,NAT TOUCH KAFFREE ROMA,PDR",84.3,358,4.5,0.3,94.2162615255658,5.029337803855826,0.7544006705783739,COFFEE SUB,other,
16082,NOODLES,"NOODLES,CHINESE,CELLOPHANE OR LONG RICE (MUNG BNS),DEHYD",86.1,351,0.2,0.1,99.50881248194165,0.2311470673215834,0.2600404507367813,NOODLES,first dishes,
16175,SOY PROT ISOLATE,"SOY PROT ISOLATE,PROT TECHNOLOGIES INTERNATIONAL,SUPRO",0.0,388,87.8,4.0,0.0,90.70247933884298,9.297520661157026,SOY PROT ISOLATE,other,
16176,SOY PROT ISOLATE,"SOY PROT ISOLATE,PROT TECHNOLOGIES INTERNATIONAL,PROPLUS",0.0,380,86.0,4.0,0.0,90.52631578947368,9.473684210526317,SOY PROT ISOLATE,other,
16422,SOY PROT ISOLATE,"SOY PROT ISOLATE,K TYPE",10.2,326,80.7,0.5,11.083944580277096,87.69356153219233,1.2224938875305622,SOY PROT ISOLATE,other,
16423,SOY PROT ISOLATE,"SOY PROT ISOLATE,K TYPE,CRUDE PROT BASIS",2.6,321,88.3,0.5,2.8253192067373,95.95218690573212,1.2224938875305624,SOY PROT ISOLATE,other,
18087,CAKE,"CAKE,ANGELFOOD,DRY MIX",85.1,373,8.9,0.4,89.67334035827186,9.378292939936776,0.9483667017913594,CAKE,baked goods,
18112,CAKE,"CAKE,GERMAN CHOC,DRY MIX,PUDDING-TYPE",80.1,401,4.0,9.5,75.94216639013985,3.792367859682389,20.265465750177768,CAKE,baked goods,
18135,CAKE,"CAKE,WHITE,DRY MIX,PUDDING-TYPE,ENR",81.0,423,3.9,9.5,76.21736062103034,3.669724770642201,20.11291460832745,CAKE,baked goods,
18171,COOKIES,"COOKIES,FORTUNE",84.0,378,4.2,2.7,89.10103420843278,4.455051710421639,6.443914081145584,COOKIES,baked goods,
18196,COOKIES,"COOKIES,BROWNIES,DRY MIX,SPL DIETARY",80.4,426,2.9,12.5,72.15615885124524,2.60264752075387,25.241193628000897,COOKIES,baked goods,
18216,CRACKERS,"CRACKERS,CRISPBREAD,RYE",82.2,366,7.9,1.3,88.36334318731524,8.492340768610589,3.144316044074174,CRACKERS,baked goods,
18217,CRACKERS,"CRACKERS,MATZO,PLAIN",83.7,395,10.0,1.4,86.42230252968508,10.325245224574084,3.252452245740836,CRACKERS,baked goods,
18226,CRACKERS,"CRACKERS,RYE,WAFERS,PLAIN",80.4,334,9.6,0.9,87.3675631621842,10.4319478402608,2.200488997555012,CRACKERS,baked goods,
18272,ICE CRM CONES,"ICE CRM CONES,SUGAR,ROLLED-TYPE",84.1,402,7.9,3.8,83.63998010939831,7.856787667826952,8.503232222774738,ICE CRM CONES,sweets,
18453,CAKE,"CAKE,YELLOW,DRY MIX,LIGHT",84.1,404,4.7,5.5,83.1233012107734,4.645416357795899,12.23128243143069,CAKE,baked goods,
18457,CRACKERS,"CRACKERS,SALTINES,FAT-FREE,LOW-SODIUM",82.3,393,10.5,1.6,85.3734439834025,10.892116182572616,3.7344398340248968,CRACKERS,baked goods,
18602,CAKE,"CAKE,BETTY CROCKER,SUPERMOIST PARTY CAKE SWIRL,DRY MIX",82.5,414,3.9,7.6,79.71014492753623,3.768115942028986,16.52173913043478,CAKE,baked goods,
18614,MARTHA WHITE FOODS,"MARTHA WHITE FOODS,MARTHA WHITE'S CHEWY FUDGE BROWNIE MIX,",83.6,407,4.4,6.2,82.00098087297694,4.315841098577734,13.683178028445315,MARTHA WHITE FOODS,other,
18642,GENERAL MILLS,"GENERAL MILLS,BETTY CROCKER SUPERMOIST YEL CAKE MIX,DRY",81.3,413,3.8,8.1,78.68376481974353,3.677715944834261,17.638519235422212,GENERAL MILLS,other,
19013,FRUIT LEATHER,"FRUIT LEATHER,PIECES",82.8,359,1.0,2.7,92.12795549374133,1.1126564673157162,6.759388038942976,FRUIT LEATHER,other,
19014,FRUIT LEATHER,"FRUIT LEATHER,ROLLS",85.8,371,0.1,3.0,92.60658391797088,0.1079330814894765,7.285483000539666,FRUIT LEATHER,other,
19036,POPCORN,"POPCORN,CAKES",80.1,384,9.7,3.1,82.76931025574787,10.023249806251616,7.207439938000518,POPCORN,other,
19038,POPCORN,"POPCORN,CARAMEL-COATED,W/PNUTS",80.7,400,6.4,7.8,77.11419015766842,6.115623506927855,16.77018633540373,POPCORN,other,
19050,PRETZELS,"PRETZELS,HARD,WHOLE-WHEAT",81.2,362,11.1,2.6,82.730514518594,11.30922058074376,5.960264900662253,PRETZELS,other,
19051,RICE CAKES,"RICE CAKES,BROWN RICE,PLN",81.5,387,8.2,2.8,84.89583333333334,8.541666666666666,6.5625,RICE CAKES,other,
19052,RICE CAKES,"RICE CAKES,BROWN RICE,BUCKWHEAT",80.1,380,9.0,3.5,82.5986078886311,9.280742459396754,8.120649651972158,RICE CAKES,other,
19053,RICE CAKES,"RICE CAKES,BROWN RICE,SESAME SD",81.5,392,7.6,3.8,83.46134152585766,7.782898105478751,8.755760368663594,RICE CAKES,other,
19064,CANDIES,"CANDIES,TOOTSIE ROLL,CHOCOLATE-FLAVOR ROLL",87.7,387,1.6,3.3,90.66942362367536,1.6541742052209878,7.676402171103644,CANDIES,sweets,
19068,CANDIES,"CANDIES,NESTLE,BIT-O'-HONEY CANDY CHEWS",80.0,375,2.0,7.5,80.9102402022756,2.0227560050568902,17.06700379266751,CANDIES,sweets,
19070,CANDIES,"CANDIES,BUTTERSCOTCH",90.4,391,0.0,3.3,92.40991566572964,0.0,7.59008433427038,CANDIES,sweets,
19076,CANDIES,"CANDIES,CARAMELS,CHOCOLATE-FLAVOR ROLL",86.0,396,1.6,5.1,86.8029270754479,1.6149381781478682,11.58213474640424,CANDIES,sweets,
19083,CANDIES,"CANDIES,SWT CHOC COATD FONDANT",80.4,366,2.2,9.3,77.6624003863801,2.1250905578362715,20.212509055783627,CANDIES,sweets,
19091,CANDIES,"CANDIES,YORK PEPPERMINT PATTIE",81.0,384,2.2,7.2,81.48893360160966,2.2132796780684103,16.29778672032193,CANDIES,sweets,
19099,CANDIES,"CANDIES,FONDANT,PREPARED-FROM-RECIPE",93.2,373,0.0,0.0,100.0,0.0,0.0,CANDIES,sweets,
19103,CANDIES,"CANDIES,FUDGE,VANILLA,PREPARED-FROM-RECIPE",82.2,383,1.1,5.5,85.91586098771884,1.1497256336556052,12.934413378625557,CANDIES,sweets,
19106,CANDIES,"CANDIES,GUMDROPS,STARCH JELLY PIECES",98.9,396,0.0,0.0,100.0,0.0,0.0,CANDIES,sweets,
19107,CANDIES,"CANDIES,HARD",98.0,394,0.0,0.2,99.54291518537327,0.0,0.4570848146267141,CANDIES,sweets,
19108,CANDIES,"CANDIES,JELLYBEANS",93.5,375,0.0,0.1,99.75993598292878,0.0,0.240064017071219,CANDIES,sweets,
19116,CANDIES,"CANDIES,MARSHMALLOWS",81.3,318,1.8,0.2,97.30700179533214,2.154398563734291,0.5385996409335727,CANDIES,sweets,
19156,CANDIES,"CANDIES,MASTERFOODS USA,STARBURST FRUIT CHEWS,ORIGINAL",82.6,408,0.4,8.2,81.41941843272548,0.3942828979793001,18.186298669295216,CANDIES,sweets,
19169,EGG CUSTARDS,"EGG CUSTARDS,DRY MIX",82.8,410,6.9,6.4,79.53890489913543,6.628242074927954,13.832853025936595,EGG CUSTARDS,other,
19172,GELATIN DSSRT,"GELATIN DSSRT,DRY MIX",90.5,381,7.8,0.0,92.0651068158698,7.934893184130214,0.0,GELATIN DSSRT,sweets,
19175,GELATIN DSSRT,"GELATIN DSSRT,DRY MIX,RED CAL,W/ ASPRT",80.2,198,15.7,0.0,83.62877997914494,16.371220020855056,0.0,GELATIN DSSRT,sweets,
19177,GELATINS,"GELATINS,DRY PDR,UNSWTND",0.0,335,85.6,0.1,0.0,99.73783862510923,0.2621613748907661,GELATINS,other,
19181,CANDIES,"CANDIES,YORK BITES",81.6,394,1.8,7.3,81.74305033809166,1.803155522163787,16.453794139744556,CANDIES,sweets,
19184,PUDDINGS,"PUDDINGS,CHOC,DRY MIX,INST",87.9,378,2.3,1.9,93.04048690129665,2.4345064831966123,4.525006615506747,PUDDINGS,sweets,
19187,FLAN,"FLAN,CARAMEL CUSTARD,DRY MIX",91.6,348,0.0,0.0,100.0,0.0,0.0,FLAN,meals,
19188,DESSERTS,"DESSERTS,PUDD,CHOC,DRY MIX,REG",89.3,362,2.6,2.1,92.41914618369988,2.6908150064683056,4.890038809831825,DESSERTS,sweets,
19194,PUDDINGS,"PUDDINGS,RICE,DRY MIX",91.2,376,2.7,0.1,96.89243027888446,2.8685258964143427,0.2390438247011952,PUDDINGS,sweets,
19198,PUDDINGS,"PUDDINGS,TAPIOCA,DRY MIX",94.3,369,0.1,0.1,99.65653896961692,0.1056803170409511,0.23778071334214,PUDDINGS,sweets,
19202,PUDDINGS,"PUDDINGS,VANILLA,DRY MIX,INST",92.9,377,0.0,0.6,98.56763925729445,0.0,1.4323607427055702,PUDDINGS,sweets,
19206,PUDDINGS,"PUDDINGS,VANILLA,DRY MIX,REG",93.5,379,0.3,0.4,98.73284054910243,0.3167898627243928,0.9503695881731784,PUDDINGS,sweets,
19220,DESSERTS,"DESSERTS,RENNIN,CHOC,DRY MIX",91.5,363,2.4,3.3,90.30347890451516,2.3686158401184305,7.327905255366394,DESSERTS,sweets,
19222,DESSERTS,"DESSERTS,RENNIN,VANILLA,DRY MIX",99.0,383,0.0,0.0,100.0,0.0,0.0,DESSERTS,sweets,
19240,FROSTINGS,"FROSTINGS,CHOC,CREAMY,DRY MIX",92.0,389,1.3,5.2,87.61904761904762,1.238095238095238,11.142857142857142,FROSTINGS,other,
19244,FROSTINGS,"FROSTINGS,VANILLA,CREAMY,DRY MIX",93.8,410,0.3,4.9,89.22711058263971,0.2853745541022592,10.487514863258026,FROSTINGS,other,
19246,FROSTINGS,"FROSTINGS,WHITE,FLUFFY,DRY MIX",94.9,371,2.3,0.0,97.63374485596708,2.3662551440329214,0.0,FROSTINGS,other,
19269,SNACKS,"SNACKS,GENERAL MILLS,BETTY CROCKER FRT RL UPS,BRY FLV,W/VT C",85.2,373,0.1,3.5,91.44083713442448,0.1073249262141132,8.451837939361418,SNACKS,miscellaneous,
19272,SNACKS,"SNACKS,FARLEY CANDY,FARLEY FRUIT SNACKS,W/VITAMINS A,C,&E",80.9,341,4.4,0.0,94.84173505275496,5.1582649472450175,0.0,SNACKS,miscellaneous,
19309,CANDIES,"CANDIES,MASTERFOODS USA,STARBURST FRUIT CHEWS,FRUIT & CREME",82.4,408,0.4,8.4,81.02261553588987,0.3933136676499508,18.58407079646017,CANDIES,sweets,
19310,PECTIN,"PECTIN,UNSWTND,DRY MIX",90.4,325,0.3,0.3,98.93296853625172,0.3283173734610123,0.7387140902872776,PECTIN,other,
19313,CANDIES,"CANDIES,MASTERFOODS USA,STARBURST FRUIT CHEWS,TROPICAL",82.8,409,0.4,8.3,81.27607361963189,0.3926380368098159,18.331288343558285,CANDIES,sweets,
19318,PUDDINGS,"PUDDINGS,BANANA,DRY MIX,INST",92.7,367,0.0,0.6,98.5645933014354,0.0,1.4354066985645932,PUDDINGS,sweets,
19320,PUDDINGS,"PUDDINGS,BANANA,DRY MIX,REG",92.9,376,0.0,0.4,99.04051172707888,0.0,0.9594882729211086,PUDDINGS,sweets,
19322,PUDDINGS,"PUDDINGS,COCNT CRM,DRY MIX,INST",91.2,389,0.9,2.3,93.75481881264456,0.9252120277563608,5.319969159599074,PUDDINGS,sweets,
19324,PUDDINGS,"PUDDINGS,COCNT CRM,DRY MIX,REG",81.8,434,1.0,11.4,75.42646380820655,0.9220839096357768,23.65145228215768,PUDDINGS,sweets,
19330,PUDDINGS,"PUDDINGS,LEMON,DRY MIX,INST",95.4,378,0.0,0.7,98.37587006960555,0.0,1.6241299303944314,PUDDINGS,sweets,
19332,PUDDINGS,"PUDDINGS,LEMON,DRY MIX,REG",91.8,363,0.1,0.5,98.68314969094332,0.1074979844127922,1.209352324643913,PUDDINGS,sweets,
19334,SUGARS,"SUGARS,BROWN",98.1,380,0.1,0.0,99.89816700611,0.1018329938900203,0.0,SUGARS,other,
19335,SUGARS,"SUGARS,GRANULATED",100.0,387,0.0,0.0,100.0,0.0,0.0,SUGARS,other,
19336,SUGARS,"SUGARS,POWDERED",99.6,389,0.0,0.1,99.77460555972954,0.0,0.2253944402704733,SUGARS,other,
19337,SWEETENERS,"SWEETENERS,TABLETOP,ASPRT,EQ,PACKETS",89.1,365,2.2,0.0,97.59036144578312,2.409638554216868,0.0,SWEETENERS,other,
19340,SUGARS,"SUGARS,MAPLE",90.9,354,0.1,0.2,99.39857845817389,0.1093493712411153,0.4920721705850191,SUGARS,other,
19362,SYRUPS,"SYRUPS,TABLE BLENDS,CORN,REFINER,&SUGAR",83.9,319,0.0,0.0,100.0,0.0,0.0,SYRUPS,other,
19363,CANDIES,"CANDIES,MASTERFOODS USA,SKITTLES WILD BERRY BITE SIZE",90.9,405,0.2,4.2,90.40278468423668,0.1989060169070114,9.39830929885629,CANDIES,sweets,
19368,CANDIES,"CANDIES,MASTERFOODS USA,SKITTLES TROPICAL BITE SIZE CANDIES",90.8,405,0.2,4.3,90.19120933697542,0.1986590514030295,9.610131611621554,CANDIES,sweets,
19369,CANDIES,"CANDIES,MASTERFOODS USA,SKITTLES SOURS ORIGINAL",86.9,397,0.2,4.0,90.42663891779397,0.2081165452653485,9.365244536940684,CANDIES,sweets,
19370,CANDIES,"CANDIES,MASTERFOODS USA,SKITTLES ORIGINAL BITE SIZE CANDIES",90.8,405,0.2,4.4,89.99008919722496,0.1982160555004955,9.81169474727453,CANDIES,sweets,
19375,FROSTINGS,"FROSTINGS,GLAZE,PREPARED-FROM-RECIPE",83.7,341,0.4,0.5,98.21061894983866,0.4693458492226459,1.3200352009386915,FROSTINGS,other,
19382,CANDIES,"CANDIES,TAFFY,PREPARED-FROM-RECIPE",91.6,397,0.0,3.3,92.50189346124716,0.0,7.498106538752841,CANDIES,sweets,
19384,CANDIES,"CANDIES,DIVINITY,PREPARED-FROM-RECIPE",89.0,364,1.3,0.1,98.31538249102458,1.436067384700359,0.2485501242750621,CANDIES,sweets,
19413,RICE CAKES,"RICE CAKES,BROWN RICE,CORN",81.2,385,8.4,3.2,83.88429752066115,8.677685950413222,7.438016528925619,RICE CAKES,other,
19414,RICE CAKES,"RICE CAKES,BROWN RICE,MULTIGRAIN",80.1,387,8.5,3.5,83.02669085255248,8.81057268722467,8.162736460222856,RICE CAKES,other,
19433,TORTILLA CHIPS,"TORTILLA CHIPS,LOFAT,BKD WO/FAT",80.0,415,11.0,5.7,77.05273296412231,10.594750782566818,12.35251625331086,TORTILLA CHIPS,other,
19436,POPCORN,"POPCORN,SUGAR SYRUP/CARAMEL,FAT-FREE",90.1,381,2.0,1.4,94.59317585301837,2.099737532808399,3.307086614173228,POPCORN,other,
19437,POTATO CHIPS,"POTATO CHIPS,FAT FREE,SALTED",83.8,379,9.6,0.6,88.44327176781005,10.131926121372032,1.424802110817942,POTATO CHIPS,other,
19438,SNACKS,"SNACKS,KELLOGG,KELLOGG'S RICE KRISPIES TREATS SQUARES",80.5,414,3.4,9.0,77.29236677868458,3.264522323571771,19.44311089774364,SNACKS,miscellaneous,
19800,CORN CAKES,"CORN CAKES,VERY LO NA",83.4,387,8.1,2.4,86.06811145510837,8.359133126934983,5.572755417956656,CORN CAKES,other,
19833,TORTILLA CHIPS,"TORTILLA CHIPS,LOFAT,UNSALTED",80.1,416,11.0,5.7,77.07481356747654,10.584556170315132,12.340630262208323,TORTILLA CHIPS,other,
19868,SWEETENERS,"SWEETENERS,TABLETOP,SUCRALOSE,SPLENDA PACKETS",90.0,331,0.0,0.0,100.0,0.0,0.0,SWEETENERS,other,
20015,CORN BRAN,"CORN BRAN,CRUDE",85.6,224,8.4,0.9,89.14345222598281,8.747721947409529,2.1088258266076543,CORN BRAN,other,
20018,CORN FLR,"CORN FLR,DEGERMED,UNENR,YEL",82.8,375,5.6,1.4,90.44238121245222,6.116876024030584,3.440742763517204,CORN FLR,other,
20044,RICE,"RICE,WHITE,LONG-GRAIN,REG,RAW,ENR",80.0,365,7.1,0.7,90.21708486044544,8.006766281364532,1.7761488581900198,RICE,first dishes,
20046,RICE,"RICE,WHITE,LONG-GRAIN,PARBLD,ENR,DRY",80.4,374,8.1,1.0,88.59504132231406,8.925619834710744,2.479338842975207,RICE,first dishes,
20048,RICE,"RICE,WHITE,LONG-GRAIN,PRECKD OR INST,ENR,DRY",82.3,380,7.8,0.9,89.33514246947082,8.46675712347354,2.198100407055631,RICE,first dishes,
20054,RICE,"RICE,WHITE,GLUTINOUS,RAW",81.7,370,6.8,0.6,90.929326655537,7.56816917084029,1.5025041736227045,RICE,first dishes,
20061,RICE FLOUR,"RICE FLOUR,WHITE",80.1,366,6.0,1.4,89.74789915966386,6.722689075630252,3.5294117647058822,RICE FLOUR,other,
20065,RYE FLOUR,"RYE FLOUR,LIGHT",80.2,367,8.4,1.4,87.41144414168936,9.155313351498636,3.4332425068119883,RYE FLOUR,other,
20068,TAPIOCA,"TAPIOCA,PEARL,DRY",88.7,358,0.2,0.0,99.7750281214848,0.2249718785151855,0.0,TAPIOCA,ingredients,
20133,RICE NOODLES,"RICE NOODLES,DRY",83.2,364,3.4,0.6,94.5992040932348,3.865832859579306,1.5349630471859008,RICE NOODLES,other,
21312,MCDONALD'S,"MCDONALD'S,HONEY",86.4,351,0.1,0.0,99.8843930635838,0.1156069364161849,0.0,MCDONALD'S,fast food,
35021,CARIBOU,"CARIBOU,BONE MARROW,RAW (ALASKA NATIVE)",0.0,786,6.7,84.4,0.0,3.4079348931841302,96.59206510681588,CARIBOU,other,
35194,AGAVE,"AGAVE,DRIED (SOUTHWEST)",82.0,341,1.7,0.7,96.15948402228084,1.9935502785107004,1.846965699208443,AGAVE,other,
42055,FRUIT-FLAVORED DRK,"FRUIT-FLAVORED DRK,DRY PDR MIX,LO CAL,W/ ASPRT",86.8,217,0.5,0.0,99.42726231386024,0.5727376861397481,0.0,FRUIT-FLAVORED DRK,other,
42204,RICE CAKE,"RICE CAKE,CRACKER (INCL HAIN MINI RICE CAKES)",81.1,392,7.1,4.3,82.86079182630908,7.254150702426565,9.885057471264368,RICE CAKE,other,
42236,CEREALS RTE,"CEREALS RTE,FRSTD OAT CRL W/MARSHMALLOWS",84.1,388,7.1,3.5,84.8851879888973,7.166288165531164,7.948523845571538,CEREALS RTE,cereals,
43046,CANDIES,"CANDIES,NOUGAT,W/ ALMONDS",92.4,398,3.3,1.7,92.84099472494349,3.315749811605124,3.843255463451394,CANDIES,sweets,
43057,CANDIES,"CANDIES,GUM DROPS,DIETETIC OR LO CAL (SORBITOL)",88.0,162,0.0,0.2,99.4912379875636,0.0,0.5087620124364047,CANDIES,sweets,
43058,CANDIES,"CANDIES,HARD,DIETETIC OR LO CAL (SORBITOL)",93.4,375,0.0,0.0,100.0,0.0,0.0,CANDIES,sweets,
43060,CHEWING GUM,"CHEWING GUM,SUGARLESS",94.8,268,0.0,0.4,99.05956112852664,0.0,0.9404388714733544,CHEWING GUM,sweets,
43114,VERMICELLI,"VERMICELLI,MADE FROM SOY",82.3,331,0.1,0.1,99.606656580938,0.1210287443267776,0.2723146747352497,VERMICELLI,other,
43158,SWEETENERS,"SWEETENERS,TABLETOP,SACCHARIN",89.1,360,0.9,0.0,99.0,1.0,0.0,SWEETENERS,other,
43214,BUTTER REPLCMNT,"BUTTER REPLCMNT,WO/FAT,PDR",89.0,373,2.0,1.0,95.44235924932975,2.1447721179624666,2.412868632707774,BUTTER REPLCMNT,other,
43216,SWEETENERS,"SWEETENERS,TABLETOP,FRUCTOSE,DRY,PDR",100.0,368,0.0,0.0,100.0,0.0,0.0,SWEETENERS,other,
43345,FRUIT-FLAVORED DRK,"FRUIT-FLAVORED DRK,PDR,W/ HI VIT C W/ OTHER ADDED VIT,LO CAL",91.0,227,0.2,0.2,99.29078014184395,0.2182214948172395,0.4909983633387889,FRUIT-FLAVORED DRK,other,
43372,APPLE CIDER-FLAVORED DRK,"APPLE CIDER-FLAVORED DRK,PDR,VIT C&SUGAR",98.8,395,0.0,0.0,100.0,0.0,0.0,APPLE CIDER-FLAVORED DRK,other,
43483,MILLET,"MILLET,PUFFED",80.0,354,13.0,3.4,79.48335817188276,12.916045702930948,7.600596125186289,MILLET,other,
43510,CEREAL RTE,"CEREAL RTE,CRISPY BROWN RICE",86.0,388,7.1,3.5,85.16959643476109,7.03144342659074,7.798960138648181,CEREAL RTE,other,
43570,CEREALS RTE,"CEREALS RTE,KRAFT,POST,HONEY BUNCHES OF OATS,HONEY RSTD",82.9,394,7.3,4.2,83.19116909182137,7.325639739086803,9.48319116909182,CEREALS RTE,cereals,
44259,PUDDINGS,"PUDDINGS,ALL FLAVORS XCPT CHOC,LO CAL,REG,DRY MIX",86.0,351,1.6,0.1,97.92200398519785,1.8218047253060068,0.2561912894961571,PUDDINGS,sweets,
44260,PUDDINGS,"PUDDINGS,ALL FLAVORS XCPT CHOC,LO CAL,INST,DRY MIX",84.7,350,0.8,0.9,96.77235075692658,0.9140245644101684,2.313624678663239,PUDDINGS,sweets,
47011,FRUIT-FLAVORED DRK MIX,"FRUIT-FLAVORED DRK MIX,PDR,UNSWTND",91.3,226,0.0,0.0,100.0,0.0,0.0,FRUIT-FLAVORED DRK MIX,other,
